"","study","germplasmName","trait","predicted.value","std.error","status"
"1","Pr_Stj_21","07-20728","Grain.yield...bu.ac",83.6023472634236,3.53678281954029,"Estimable"
"2","Pr_Stj_21","07-4415","Grain.yield...bu.ac",77.9933159229052,3.6812808464864,"Estimable"
"3","Pr_Stj_21","19-10123","Grain.yield...bu.ac",82.4582077944995,4.47579298010486,"Estimable"
"4","Pr_Stj_21","19-10136","Grain.yield...bu.ac",86.3961063104422,4.31123960683886,"Estimable"
"5","Pr_Stj_21","19-10141","Grain.yield...bu.ac",83.4718243242665,4.44572130860374,"Estimable"
"6","Pr_Stj_21","19-10142","Grain.yield...bu.ac",83.4667214841757,4.38925722402,"Estimable"
"7","Pr_Stj_21","19-10151","Grain.yield...bu.ac",82.1410662924672,3.79724769690482,"Estimable"
"8","Pr_Stj_21","19-10168","Grain.yield...bu.ac",87.0506562173279,4.68975621309718,"Estimable"
"9","Pr_Stj_21","19-10169","Grain.yield...bu.ac",88.3026327448385,4.60689537816769,"Estimable"
"10","Pr_Stj_21","19-10173","Grain.yield...bu.ac",80.8374300168403,4.50039705370666,"Estimable"
"11","Pr_Stj_21","19-10236","Grain.yield...bu.ac",74.7073897193122,4.92854461623967,"Estimable"
"12","Pr_Stj_21","19-10259","Grain.yield...bu.ac",78.6430484761606,3.42137682902003,"Estimable"
"13","Pr_Stj_21","19-10905","Grain.yield...bu.ac",74.2946318572296,5.36430783921195,"Estimable"
"14","Pr_Stj_21","19-11163","Grain.yield...bu.ac",86.5077296961026,4.78261342147621,"Estimable"
"15","Pr_Stj_21","19-11645","Grain.yield...bu.ac",72.904485975833,4.72974343301481,"Estimable"
"16","Pr_Stj_21","19-11647","Grain.yield...bu.ac",84.8387671730916,3.65610328333476,"Estimable"
"17","Pr_Stj_21","19-11770","Grain.yield...bu.ac",90.8986755363086,5.42873963301832,"Estimable"
"18","Pr_Stj_21","19-11773","Grain.yield...bu.ac",80.3258714908323,4.24224618940252,"Estimable"
"19","Pr_Stj_21","19-11804","Grain.yield...bu.ac",84.7856215889524,4.36984794851055,"Estimable"
"20","Pr_Stj_21","19-12420","Grain.yield...bu.ac",87.3360118076986,4.40032536818354,"Estimable"
"21","Pr_Stj_21","19-12604","Grain.yield...bu.ac",74.4579272463847,3.82383099042558,"Estimable"
"22","Pr_Stj_21","19-12615","Grain.yield...bu.ac",93.5261910877587,4.79156525587704,"Estimable"
"23","Pr_Stj_21","19-12622","Grain.yield...bu.ac",90.0226118352984,3.2969272927783,"Estimable"
"24","Pr_Stj_21","19-12659","Grain.yield...bu.ac",79.6808992180518,4.1535545014282,"Estimable"
"25","Pr_Stj_21","19-12749","Grain.yield...bu.ac",89.311453974571,4.46619551944459,"Estimable"
"26","Pr_Stj_21","19-12830","Grain.yield...bu.ac",96.0676188211893,4.45112590144198,"Estimable"
"27","Pr_Stj_21","19-12849","Grain.yield...bu.ac",85.4288983997513,4.38898165423967,"Estimable"
"28","Pr_Stj_21","19-12926","Grain.yield...bu.ac",82.1001146002107,3.36422374903381,"Estimable"
"29","Pr_Stj_21","19-12935","Grain.yield...bu.ac",79.3318698516406,4.23187078338017,"Estimable"
"30","Pr_Stj_21","19-13048","Grain.yield...bu.ac",84.8124183437435,4.90958422280548,"Estimable"
"31","Pr_Stj_21","19-13357","Grain.yield...bu.ac",83.4255688203852,4.77453999267746,"Estimable"
"32","Pr_Stj_21","19-13414","Grain.yield...bu.ac",93.627882732195,5.26595237103568,"Estimable"
"33","Pr_Stj_21","19-13430","Grain.yield...bu.ac",85.0948873036666,4.59154372881916,"Estimable"
"34","Pr_Stj_21","19-13434","Grain.yield...bu.ac",89.1630551291502,3.3730036464491,"Estimable"
"35","Pr_Stj_21","19-13447","Grain.yield...bu.ac",83.2716206806659,4.40517039517284,"Estimable"
"36","Pr_Stj_21","19-13451","Grain.yield...bu.ac",87.0275674670608,3.48029448349623,"Estimable"
"37","Pr_Stj_21","19-13706","Grain.yield...bu.ac",89.4901443283711,4.50360447802727,"Estimable"
"38","Pr_Stj_21","19-13707","Grain.yield...bu.ac",86.6496325716727,4.20293633642479,"Estimable"
"39","Pr_Stj_21","19-13713","Grain.yield...bu.ac",91.7326482762612,4.75496130007855,"Estimable"
"40","Pr_Stj_21","19-13748","Grain.yield...bu.ac",83.9770295717132,4.62134127464299,"Estimable"
"41","Pr_Stj_21","19-13752","Grain.yield...bu.ac",89.163276545557,5.43080961605433,"Estimable"
"42","Pr_Stj_21","19-13778","Grain.yield...bu.ac",86.7489094562555,3.6242687455126,"Estimable"
"43","Pr_Stj_21","19-13936","Grain.yield...bu.ac",82.9897863022426,3.40848326846403,"Estimable"
"44","Pr_Stj_21","19-13942","Grain.yield...bu.ac",90.1058874031375,4.30551889372381,"Estimable"
"45","Pr_Stj_21","19-13961","Grain.yield...bu.ac",82.9539720205334,4.23884279569,"Estimable"
"46","Pr_Stj_21","19-13965","Grain.yield...bu.ac",69.3328309121895,4.50501765456025,"Estimable"
"47","Pr_Stj_21","19-13978","Grain.yield...bu.ac",96.8612598670422,4.32363089154661,"Estimable"
"48","Pr_Stj_21","19-14359","Grain.yield...bu.ac",79.0275912142297,4.62861545027332,"Estimable"
"49","Pr_Stj_21","19-14605","Grain.yield...bu.ac",82.3772316329294,4.85149377666747,"Estimable"
"50","Pr_Stj_21","19-14617","Grain.yield...bu.ac",96.5682072636642,4.70509031313468,"Estimable"
"51","Pr_Stj_21","19-14845","Grain.yield...bu.ac",81.0425088267064,4.23763706884461,"Estimable"
"52","Pr_Stj_21","19-14856","Grain.yield...bu.ac",98.1276928647303,4.22571689982708,"Estimable"
"53","Pr_Stj_21","19-14933","Grain.yield...bu.ac",87.769184345229,4.26993009841142,"Estimable"
"54","Pr_Stj_21","19-15017","Grain.yield...bu.ac",81.1415199733201,4.19508385759015,"Estimable"
"55","Pr_Stj_21","19-15201","Grain.yield...bu.ac",77.2722233040749,4.63467174081622,"Estimable"
"56","Pr_Stj_21","19-15209","Grain.yield...bu.ac",81.3385551283215,4.24741254603825,"Estimable"
"57","Pr_Stj_21","19-15327","Grain.yield...bu.ac",98.3068534637865,4.96863650247216,"Estimable"
"58","Pr_Stj_21","19-15330","Grain.yield...bu.ac",89.5049112844641,4.4886086887829,"Estimable"
"59","Pr_Stj_21","19-15338","Grain.yield...bu.ac",97.0075241954822,4.68627019501364,"Estimable"
"60","Pr_Stj_21","19-15344","Grain.yield...bu.ac",89.2793797587671,4.24905187164976,"Estimable"
"61","Pr_Stj_21","19-15472","Grain.yield...bu.ac",87.296473626706,3.17321544296928,"Estimable"
"62","Pr_Stj_21","19-1551","Grain.yield...bu.ac",86.6923007709015,4.28238149043552,"Estimable"
"63","Pr_Stj_21","19-15728","Grain.yield...bu.ac",81.7335355225862,4.22656374764607,"Estimable"
"64","Pr_Stj_21","19-16059","Grain.yield...bu.ac",83.839472887135,3.45731097856874,"Estimable"
"65","Pr_Stj_21","19-16064","Grain.yield...bu.ac",80.9720705812664,3.5684506454708,"Estimable"
"66","Pr_Stj_21","19-16068","Grain.yield...bu.ac",90.4371871230007,4.75139579805589,"Estimable"
"67","Pr_Stj_21","19-16107","Grain.yield...bu.ac",81.1718663458183,4.57758045607546,"Estimable"
"68","Pr_Stj_21","19-16129","Grain.yield...bu.ac",91.1706354545473,3.61818417857321,"Estimable"
"69","Pr_Stj_21","19-16136","Grain.yield...bu.ac",96.8321454310777,3.70528138229213,"Estimable"
"70","Pr_Stj_21","19-16139","Grain.yield...bu.ac",92.8652272086801,3.66433717017786,"Estimable"
"71","Pr_Stj_21","19-16142","Grain.yield...bu.ac",89.4905480897856,4.23342109362303,"Estimable"
"72","Pr_Stj_21","19-16152","Grain.yield...bu.ac",88.1817212999017,4.26821831147354,"Estimable"
"73","Pr_Stj_21","19-16176","Grain.yield...bu.ac",93.6854765268603,4.51914843629868,"Estimable"
"74","Pr_Stj_21","19-16279","Grain.yield...bu.ac",79.5902169129784,4.41400041375325,"Estimable"
"75","Pr_Stj_21","19-16335","Grain.yield...bu.ac",82.1787011404639,5.10075941843701,"Estimable"
"76","Pr_Stj_21","19-16368","Grain.yield...bu.ac",91.064522944982,4.72751510137786,"Estimable"
"77","Pr_Stj_21","19-16848","Grain.yield...bu.ac",86.3626585212044,4.85370450904308,"Estimable"
"78","Pr_Stj_21","19-16856","Grain.yield...bu.ac",89.8133576699102,5.43590735589289,"Estimable"
"79","Pr_Stj_21","19-16860","Grain.yield...bu.ac",91.074304249666,3.52207696935691,"Estimable"
"80","Pr_Stj_21","19-16953","Grain.yield...bu.ac",80.3285909833436,4.45339911006214,"Estimable"
"81","Pr_Stj_21","19-17009","Grain.yield...bu.ac",66.9772979900652,4.15684522417434,"Estimable"
"82","Pr_Stj_21","19-17038","Grain.yield...bu.ac",73.0198394499383,4.60354695454225,"Estimable"
"83","Pr_Stj_21","19-17041","Grain.yield...bu.ac",80.3599352094358,4.54828819509796,"Estimable"
"84","Pr_Stj_21","19-17043","Grain.yield...bu.ac",84.8404666421057,4.51421353427888,"Estimable"
"85","Pr_Stj_21","19-17048","Grain.yield...bu.ac",86.9658389433059,4.20697852472152,"Estimable"
"86","Pr_Stj_21","19-17051","Grain.yield...bu.ac",86.9253851936035,3.70984646453003,"Estimable"
"87","Pr_Stj_21","19-17201","Grain.yield...bu.ac",75.0492427466294,4.57620210066719,"Estimable"
"88","Pr_Stj_21","19-17333","Grain.yield...bu.ac",80.9965515253154,3.54718279636642,"Estimable"
"89","Pr_Stj_21","19-17467","Grain.yield...bu.ac",80.3811814612828,4.64375016824079,"Estimable"
"90","Pr_Stj_21","19-17546","Grain.yield...bu.ac",85.2440166055425,5.01597829940262,"Estimable"
"91","Pr_Stj_21","19-17649","Grain.yield...bu.ac",88.8934032544486,4.73077165360302,"Estimable"
"92","Pr_Stj_21","19-17662","Grain.yield...bu.ac",84.2995303049713,4.50937643989652,"Estimable"
"93","Pr_Stj_21","19-17813","Grain.yield...bu.ac",78.537682492424,4.59260469818121,"Estimable"
"94","Pr_Stj_21","19-17815","Grain.yield...bu.ac",86.3868805308084,3.64944934701199,"Estimable"
"95","Pr_Stj_21","19-17817","Grain.yield...bu.ac",79.1950381087903,4.79181694694696,"Estimable"
"96","Pr_Stj_21","19-17823","Grain.yield...bu.ac",86.6629183644805,3.56224289248283,"Estimable"
"97","Pr_Stj_21","19-17828","Grain.yield...bu.ac",89.0667101626779,4.77455192771944,"Estimable"
"98","Pr_Stj_21","19-17829","Grain.yield...bu.ac",85.819486490963,4.47620425655272,"Estimable"
"99","Pr_Stj_21","19-17929","Grain.yield...bu.ac",77.3010585759606,3.62471511424463,"Estimable"
"100","Pr_Stj_21","19-18024","Grain.yield...bu.ac",81.9815314032288,4.44865841538196,"Estimable"
"101","Pr_Stj_21","19-18141","Grain.yield...bu.ac",83.1918141512851,4.69992090593046,"Estimable"
"102","Pr_Stj_21","19-18151","Grain.yield...bu.ac",88.386055495703,4.3904738536634,"Estimable"
"103","Pr_Stj_21","19-18152","Grain.yield...bu.ac",85.0586497175156,3.22164943025923,"Estimable"
"104","Pr_Stj_21","19-18153","Grain.yield...bu.ac",94.978426017106,4.2580327423559,"Estimable"
"105","Pr_Stj_21","19-18156","Grain.yield...bu.ac",87.5591779864602,5.01394736136273,"Estimable"
"106","Pr_Stj_21","19-18326","Grain.yield...bu.ac",72.9343007397044,4.28155766353365,"Estimable"
"107","Pr_Stj_21","19-18328","Grain.yield...bu.ac",79.9417184646316,4.44130769237987,"Estimable"
"108","Pr_Stj_21","19-18725","Grain.yield...bu.ac",84.533184032353,4.3134099383815,"Estimable"
"109","Pr_Stj_21","19-18813","Grain.yield...bu.ac",71.1062015598121,4.23624559681459,"Estimable"
"110","Pr_Stj_21","19-18826","Grain.yield...bu.ac",90.5005268449058,4.39306699155256,"Estimable"
"111","Pr_Stj_21","19-18830","Grain.yield...bu.ac",107.506956205572,4.24418152567202,"Estimable"
"112","Pr_Stj_21","19-18832","Grain.yield...bu.ac",90.6619302377814,4.20548735686532,"Estimable"
"113","Pr_Stj_21","19-18837","Grain.yield...bu.ac",100.142191582427,4.71377156858419,"Estimable"
"114","Pr_Stj_21","19-18905","Grain.yield...bu.ac",73.8649823791552,4.89384236539699,"Estimable"
"115","Pr_Stj_21","19-18938","Grain.yield...bu.ac",83.4440169899072,4.56266898525808,"Estimable"
"116","Pr_Stj_21","19-18954","Grain.yield...bu.ac",79.5265365114457,4.44391537799509,"Estimable"
"117","Pr_Stj_21","19-18957","Grain.yield...bu.ac",81.0544966818497,4.50258291123114,"Estimable"
"118","Pr_Stj_21","19-18958","Grain.yield...bu.ac",79.041534600716,4.88496533077727,"Estimable"
"119","Pr_Stj_21","19-18972","Grain.yield...bu.ac",77.1937679223419,4.66344333890681,"Estimable"
"120","Pr_Stj_21","19-19146","Grain.yield...bu.ac",93.737161336127,3.61488754329218,"Estimable"
"121","Pr_Stj_21","19-19159","Grain.yield...bu.ac",86.3044618776836,4.23886631572996,"Estimable"
"122","Pr_Stj_21","19-19160","Grain.yield...bu.ac",83.3276279374294,4.21350205044744,"Estimable"
"123","Pr_Stj_21","19-19205","Grain.yield...bu.ac",88.9901341020209,3.58785835783888,"Estimable"
"124","Pr_Stj_21","19-19276","Grain.yield...bu.ac",86.5897824685924,3.58953634095243,"Estimable"
"125","Pr_Stj_21","19-19324","Grain.yield...bu.ac",82.1142233601658,4.72405310111189,"Estimable"
"126","Pr_Stj_21","19-19327","Grain.yield...bu.ac",84.3317621350707,3.47322792161995,"Estimable"
"127","Pr_Stj_21","19-19341","Grain.yield...bu.ac",85.6605653448358,3.71581742778421,"Estimable"
"128","Pr_Stj_21","19-19413","Grain.yield...bu.ac",79.0025783615332,3.55460076149849,"Estimable"
"129","Pr_Stj_21","19-20069","Grain.yield...bu.ac",88.0876907699672,4.38144247450127,"Estimable"
"130","Pr_Stj_21","19-20203","Grain.yield...bu.ac",84.8490673119562,4.47555163606661,"Estimable"
"131","Pr_Stj_21","19-20231","Grain.yield...bu.ac",86.8117331811582,5.44941122434321,"Estimable"
"132","Pr_Stj_21","19-20306","Grain.yield...bu.ac",77.7257290790961,3.44126128199902,"Estimable"
"133","Pr_Stj_21","19-20311","Grain.yield...bu.ac",80.9299703357563,4.30095389483055,"Estimable"
"134","Pr_Stj_21","19-20315","Grain.yield...bu.ac",79.2420520131575,3.45795129792199,"Estimable"
"135","Pr_Stj_21","19-20326","Grain.yield...bu.ac",82.7727482746276,4.40648172800704,"Estimable"
"136","Pr_Stj_21","19-20342","Grain.yield...bu.ac",87.2520515308421,4.31422822246914,"Estimable"
"137","Pr_Stj_21","19-20348","Grain.yield...bu.ac",94.4848390298618,3.36248972291161,"Estimable"
"138","Pr_Stj_21","19-20350","Grain.yield...bu.ac",76.2642158414265,4.54223684450921,"Estimable"
"139","Pr_Stj_21","19-20402","Grain.yield...bu.ac",87.8736409668496,4.24710971203346,"Estimable"
"140","Pr_Stj_21","19-20562","Grain.yield...bu.ac",75.9481548114304,4.68268408950372,"Estimable"
"141","Pr_Stj_21","19-20648","Grain.yield...bu.ac",81.60461329266,4.44460275803932,"Estimable"
"142","Pr_Stj_21","19-21341","Grain.yield...bu.ac",85.2115910570302,3.682403512947,"Estimable"
"143","Pr_Stj_21","19-21360","Grain.yield...bu.ac",90.9413628515671,4.31888582483119,"Estimable"
"144","Pr_Stj_21","19-21364","Grain.yield...bu.ac",82.4927601414923,4.40590475825296,"Estimable"
"145","Pr_Stj_21","19-21372","Grain.yield...bu.ac",87.5370261588464,3.53126285686897,"Estimable"
"146","Pr_Stj_21","19-21425","Grain.yield...bu.ac",76.7031424619512,4.21956337511355,"Estimable"
"147","Pr_Stj_21","19-21445","Grain.yield...bu.ac",82.4290920807479,4.7997120226831,"Estimable"
"148","Pr_Stj_21","19-21462","Grain.yield...bu.ac",83.9270293831913,4.59568771207316,"Estimable"
"149","Pr_Stj_21","19-21467","Grain.yield...bu.ac",91.5446215369788,4.19805766034859,"Estimable"
"150","Pr_Stj_21","19-21556","Grain.yield...bu.ac",79.6102975639796,3.37880653130869,"Estimable"
"151","Pr_Stj_21","19-21559","Grain.yield...bu.ac",85.6726203855827,4.2470461482328,"Estimable"
"152","Pr_Stj_21","19-21570","Grain.yield...bu.ac",80.3204077503221,4.7826495399167,"Estimable"
"153","Pr_Stj_21","19-21574","Grain.yield...bu.ac",87.6214430604962,4.44370018626265,"Estimable"
"154","Pr_Stj_21","19-21575","Grain.yield...bu.ac",70.5168719213029,4.55151181413377,"Estimable"
"155","Pr_Stj_21","19-21629","Grain.yield...bu.ac",74.7892924096494,4.39077546070159,"Estimable"
"156","Pr_Stj_21","19-21632","Grain.yield...bu.ac",79.2881875502977,4.63258838600736,"Estimable"
"157","Pr_Stj_21","19-21633","Grain.yield...bu.ac",79.2413946200017,3.87203165718711,"Estimable"
"158","Pr_Stj_21","19-21717","Grain.yield...bu.ac",76.0946069959246,3.59272913175844,"Estimable"
"159","Pr_Stj_21","19-21722","Grain.yield...bu.ac",84.8089771867255,4.29058989259037,"Estimable"
"160","Pr_Stj_21","19-21731","Grain.yield...bu.ac",88.7249358410671,4.49870165395443,"Estimable"
"161","Pr_Stj_21","19-21744","Grain.yield...bu.ac",83.4945574097909,3.45465649924692,"Estimable"
"162","Pr_Stj_21","19-21756","Grain.yield...bu.ac",81.7969403937925,4.66161819112846,"Estimable"
"163","Pr_Stj_21","19-21760","Grain.yield...bu.ac",90.5578266198164,3.35095182050125,"Estimable"
"164","Pr_Stj_21","19-21765","Grain.yield...bu.ac",84.2270944056452,3.47863560294896,"Estimable"
"165","Pr_Stj_21","19-21815","Grain.yield...bu.ac",83.4387757388199,4.25040026735018,"Estimable"
"166","Pr_Stj_21","19-21821","Grain.yield...bu.ac",90.698702393958,4.73828562241098,"Estimable"
"167","Pr_Stj_21","19-21829","Grain.yield...bu.ac",80.8090691360953,4.46174846212704,"Estimable"
"168","Pr_Stj_21","19-21846","Grain.yield...bu.ac",92.8792514289017,5.01535042025081,"Estimable"
"169","Pr_Stj_21","19-21848","Grain.yield...bu.ac",87.9014037155207,3.30993969162911,"Estimable"
"170","Pr_Stj_21","19-21865","Grain.yield...bu.ac",81.4266988546351,4.67740770689583,"Estimable"
"171","Pr_Stj_21","19-21924","Grain.yield...bu.ac",88.3962514490271,3.67931535071321,"Estimable"
"172","Pr_Stj_21","19-22105","Grain.yield...bu.ac",81.6332243318591,4.3770129866375,"Estimable"
"173","Pr_Stj_21","19-22112","Grain.yield...bu.ac",85.9428531657119,4.15224281128835,"Estimable"
"174","Pr_Stj_21","19-22124","Grain.yield...bu.ac",76.7909234253298,4.95505573081756,"Estimable"
"175","Pr_Stj_21","19-22649","Grain.yield...bu.ac",85.1505420202648,4.27252007932822,"Estimable"
"176","Pr_Stj_21","19-22665","Grain.yield...bu.ac",86.6843763974932,4.74455155472697,"Estimable"
"177","Pr_Stj_21","19-22741","Grain.yield...bu.ac",87.6382416440365,4.62094540244998,"Estimable"
"178","Pr_Stj_21","19-22742","Grain.yield...bu.ac",78.5024248807939,4.39431783050901,"Estimable"
"179","Pr_Stj_21","19-22744","Grain.yield...bu.ac",82.9472732619872,4.60742658805614,"Estimable"
"180","Pr_Stj_21","19-22757","Grain.yield...bu.ac",94.8797813872213,4.51151026316242,"Estimable"
"181","Pr_Stj_21","19-22767","Grain.yield...bu.ac",82.0297163423003,4.47789067407989,"Estimable"
"182","Pr_Stj_21","19-22846","Grain.yield...bu.ac",76.153463617649,3.66317074523802,"Estimable"
"183","Pr_Stj_21","19-22975","Grain.yield...bu.ac",79.8145324714083,4.79138591306894,"Estimable"
"184","Pr_Stj_21","19-23012","Grain.yield...bu.ac",80.0948716768509,3.35552060953996,"Estimable"
"185","Pr_Stj_21","19-23019","Grain.yield...bu.ac",69.228912917586,3.10730802834188,"Estimable"
"186","Pr_Stj_21","19-23059","Grain.yield...bu.ac",83.8162855929517,4.69675660252117,"Estimable"
"187","Pr_Stj_21","19-23064","Grain.yield...bu.ac",82.2127072739326,3.35917079951299,"Estimable"
"188","Pr_Stj_21","19-23069","Grain.yield...bu.ac",91.0650215312389,4.51582040697122,"Estimable"
"189","Pr_Stj_21","19-23077","Grain.yield...bu.ac",80.0473785495758,3.76966643751496,"Estimable"
"190","Pr_Stj_21","19-23112","Grain.yield...bu.ac",85.0081642421625,3.60685653230706,"Estimable"
"191","Pr_Stj_21","19-23246","Grain.yield...bu.ac",93.4590648276318,4.55320281501483,"Estimable"
"192","Pr_Stj_21","19-23251","Grain.yield...bu.ac",77.4799994397178,4.71317980530569,"Estimable"
"193","Pr_Stj_21","19-23337","Grain.yield...bu.ac",87.0509850382768,4.2891060921734,"Estimable"
"194","Pr_Stj_21","19-23350","Grain.yield...bu.ac",94.7895223498917,4.7759254767144,"Estimable"
"195","Pr_Stj_21","19-23716","Grain.yield...bu.ac",77.2182342035152,3.59869444299256,"Estimable"
"196","Pr_Stj_21","19-23829","Grain.yield...bu.ac",81.2530739969436,4.21682747349343,"Estimable"
"197","Pr_Stj_21","19-23833","Grain.yield...bu.ac",95.869453798641,4.31210838538796,"Estimable"
"198","Pr_Stj_21","19-23851","Grain.yield...bu.ac",78.9479584858117,3.3997832490814,"Estimable"
"199","Pr_Stj_21","19-23853","Grain.yield...bu.ac",74.510915947328,3.47797434678952,"Estimable"
"200","Pr_Stj_21","19-23855","Grain.yield...bu.ac",87.7787323759949,3.3888932037532,"Estimable"
"201","Pr_Stj_21","19-23871","Grain.yield...bu.ac",75.2835852830083,4.25258586981716,"Estimable"
"202","Pr_Stj_21","19-23904","Grain.yield...bu.ac",79.9909555261765,4.26675593906226,"Estimable"
"203","Pr_Stj_21","19-23908","Grain.yield...bu.ac",83.9313811965471,5.13209512718433,"Estimable"
"204","Pr_Stj_21","19-23912","Grain.yield...bu.ac",77.6380999044886,4.60846713182968,"Estimable"
"205","Pr_Stj_21","19-24047","Grain.yield...bu.ac",74.7787178945088,4.62741936969803,"Estimable"
"206","Pr_Stj_21","19-24048","Grain.yield...bu.ac",84.0076747163194,3.43356304669076,"Estimable"
"207","Pr_Stj_21","19-24061","Grain.yield...bu.ac",82.0007576651905,3.60233913593508,"Estimable"
"208","Pr_Stj_21","19-24076","Grain.yield...bu.ac",89.8773661787485,4.16163328644144,"Estimable"
"209","Pr_Stj_21","19-24106","Grain.yield...bu.ac",82.5698607664426,3.60908457976848,"Estimable"
"210","Pr_Stj_21","19-24170","Grain.yield...bu.ac",80.5607198961239,3.79307046863745,"Estimable"
"211","Pr_Stj_21","19-24261","Grain.yield...bu.ac",70.8390864381642,4.16401188898334,"Estimable"
"212","Pr_Stj_21","19-24267","Grain.yield...bu.ac",85.570364417038,3.37263072814113,"Estimable"
"213","Pr_Stj_21","19-24268","Grain.yield...bu.ac",72.7578242454233,4.35709312792978,"Estimable"
"214","Pr_Stj_21","19-24275","Grain.yield...bu.ac",77.2709401006823,3.36363157360245,"Estimable"
"215","Pr_Stj_21","19-24306","Grain.yield...bu.ac",76.291931193624,3.6360816301126,"Estimable"
"216","Pr_Stj_21","19-25126","Grain.yield...bu.ac",93.7698302045912,4.6970723169466,"Estimable"
"217","Pr_Stj_21","19-25145","Grain.yield...bu.ac",89.7158849667785,3.49763775005362,"Estimable"
"218","Pr_Stj_21","19-25162","Grain.yield...bu.ac",85.499041669341,3.678116143956,"Estimable"
"219","Pr_Stj_21","19-25201","Grain.yield...bu.ac",92.8240845489806,4.66904525157015,"Estimable"
"220","Pr_Stj_21","19-25205","Grain.yield...bu.ac",81.0098695328163,4.56795313683442,"Estimable"
"221","Pr_Stj_21","19-25237","Grain.yield...bu.ac",81.421298746948,3.78368675425343,"Estimable"
"222","Pr_Stj_21","19-25245","Grain.yield...bu.ac",88.7304755001294,3.59262485770074,"Estimable"
"223","Pr_Stj_21","19-25448","Grain.yield...bu.ac",80.407329440391,4.2640553004374,"Estimable"
"224","Pr_Stj_21","19-25464","Grain.yield...bu.ac",94.4750932592434,4.28710062485803,"Estimable"
"225","Pr_Stj_21","19-25469","Grain.yield...bu.ac",82.2720118830889,3.62005543270028,"Estimable"
"226","Pr_Stj_21","19-25743","Grain.yield...bu.ac",84.3314454304048,3.56444610658237,"Estimable"
"227","Pr_Stj_21","19-25764","Grain.yield...bu.ac",77.8554219010411,3.4135294068484,"Estimable"
"228","Pr_Stj_21","19-26345","Grain.yield...bu.ac",74.0404212377718,4.20165200499142,"Estimable"
"229","Pr_Stj_21","19-26452","Grain.yield...bu.ac",83.5252568086439,4.21412260430799,"Estimable"
"230","Pr_Stj_21","19-26456","Grain.yield...bu.ac",79.6524984946001,3.4464958172864,"Estimable"
"231","Pr_Stj_21","19-27409","Grain.yield...bu.ac",85.8253403807175,3.56135751501254,"Estimable"
"232","Pr_Stj_21","19-27466","Grain.yield...bu.ac",93.1848831920646,3.38991996678807,"Estimable"
"233","Pr_Stj_21","19-27478","Grain.yield...bu.ac",87.1608494356059,4.36948138934976,"Estimable"
"234","Pr_Stj_21","19-27565","Grain.yield...bu.ac",97.3275113449054,4.29930116381982,"Estimable"
"235","Pr_Stj_21","19-27722","Grain.yield...bu.ac",85.6169118445093,4.27075436360767,"Estimable"
"236","Pr_Stj_21","19-27910","Grain.yield...bu.ac",88.65387599532,4.4427379855752,"Estimable"
"237","Pr_Stj_21","19-27944","Grain.yield...bu.ac",85.4378460372046,4.31887986576972,"Estimable"
"238","Pr_Stj_21","19-28147","Grain.yield...bu.ac",82.3892483466733,4.21553962631575,"Estimable"
"239","Pr_Stj_21","19-3427","Grain.yield...bu.ac",79.0969562328969,4.4742618711749,"Estimable"
"240","Pr_Stj_21","19-3453","Grain.yield...bu.ac",81.2119951759678,3.25451826766129,"Estimable"
"241","Pr_Stj_21","19-3462","Grain.yield...bu.ac",90.4880888127549,3.53044641134522,"Estimable"
"242","Pr_Stj_21","19-3502","Grain.yield...bu.ac",84.4677297333229,3.6146340825902,"Estimable"
"243","Pr_Stj_21","19-3505","Grain.yield...bu.ac",90.8229191926843,5.47538261444409,"Estimable"
"244","Pr_Stj_21","19-3510","Grain.yield...bu.ac",86.214082945522,4.24684215473793,"Estimable"
"245","Pr_Stj_21","19-3528","Grain.yield...bu.ac",90.1052619518575,3.34672511809426,"Estimable"
"246","Pr_Stj_21","19-3538","Grain.yield...bu.ac",82.9401520167292,3.4276910468509,"Estimable"
"247","Pr_Stj_21","19-366","Grain.yield...bu.ac",92.8977473820663,4.39659712550908,"Estimable"
"248","Pr_Stj_21","19-3904","Grain.yield...bu.ac",78.8901980045763,4.67530973140638,"Estimable"
"249","Pr_Stj_21","19-3920","Grain.yield...bu.ac",88.4393513979312,3.61853344012422,"Estimable"
"250","Pr_Stj_21","19-3926","Grain.yield...bu.ac",82.8427778207087,5.24847548724695,"Estimable"
"251","Pr_Stj_21","19-3937","Grain.yield...bu.ac",82.8347204734547,4.29513542125491,"Estimable"
"252","Pr_Stj_21","19-3943","Grain.yield...bu.ac",100.962901285986,4.18969084293724,"Estimable"
"253","Pr_Stj_21","19-3948","Grain.yield...bu.ac",76.695389455124,4.82793266584053,"Estimable"
"254","Pr_Stj_21","19-4014","Grain.yield...bu.ac",92.0869428868486,5.04014035535325,"Estimable"
"255","Pr_Stj_21","19-4134","Grain.yield...bu.ac",83.5442196165996,4.53366017854833,"Estimable"
"256","Pr_Stj_21","19-4141","Grain.yield...bu.ac",81.4580901651235,3.37652166865582,"Estimable"
"257","Pr_Stj_21","19-4151","Grain.yield...bu.ac",84.5140985908154,4.80187721886039,"Estimable"
"258","Pr_Stj_21","19-4176","Grain.yield...bu.ac",86.368675665811,4.49106973874949,"Estimable"
"259","Pr_Stj_21","19-4224","Grain.yield...bu.ac",84.9415453434522,4.43628761083737,"Estimable"
"260","Pr_Stj_21","19-4236","Grain.yield...bu.ac",84.5257598699246,4.70178286008405,"Estimable"
"261","Pr_Stj_21","19-4238","Grain.yield...bu.ac",88.574789635863,3.51497050291508,"Estimable"
"262","Pr_Stj_21","19-4462","Grain.yield...bu.ac",81.1894647800839,3.4881681852359,"Estimable"
"263","Pr_Stj_21","19-5009","Grain.yield...bu.ac",78.5041900782151,3.71193421254455,"Estimable"
"264","Pr_Stj_21","19-5041","Grain.yield...bu.ac",84.5971495358035,4.76744135739037,"Estimable"
"265","Pr_Stj_21","19-5117","Grain.yield...bu.ac",85.6869464944224,5.01032692128706,"Estimable"
"266","Pr_Stj_21","19-5122","Grain.yield...bu.ac",92.6383014815665,3.6376646465812,"Estimable"
"267","Pr_Stj_21","19-5152","Grain.yield...bu.ac",93.5381227324525,5.18080578325862,"Estimable"
"268","Pr_Stj_21","19-5417","Grain.yield...bu.ac",84.457572277385,4.24368931152073,"Estimable"
"269","Pr_Stj_21","19-5441","Grain.yield...bu.ac",73.55969934672,4.23555256437835,"Estimable"
"270","Pr_Stj_21","19-5466","Grain.yield...bu.ac",93.2995137973292,5.16924331611047,"Estimable"
"271","Pr_Stj_21","19-5549","Grain.yield...bu.ac",87.8592603232931,4.73154398128401,"Estimable"
"272","Pr_Stj_21","19-5558","Grain.yield...bu.ac",79.4825722701943,5.05509179720759,"Estimable"
"273","Pr_Stj_21","19-5632","Grain.yield...bu.ac",92.6660376418995,3.63391371604113,"Estimable"
"274","Pr_Stj_21","19-5637","Grain.yield...bu.ac",78.8827789969802,4.71510942528741,"Estimable"
"275","Pr_Stj_21","19-6113","Grain.yield...bu.ac",84.7661459309475,3.24337606379648,"Estimable"
"276","Pr_Stj_21","19-6308","Grain.yield...bu.ac",87.4633029085672,3.59043562417883,"Estimable"
"277","Pr_Stj_21","19-6532","Grain.yield...bu.ac",79.4829191702647,4.66139918478362,"Estimable"
"278","Pr_Stj_21","19-6559","Grain.yield...bu.ac",77.419912633128,3.27213356152956,"Estimable"
"279","Pr_Stj_21","19-6607","Grain.yield...bu.ac",78.2679267313074,4.76024098792149,"Estimable"
"280","Pr_Stj_21","19-6637","Grain.yield...bu.ac",92.5451369858976,4.60869071146011,"Estimable"
"281","Pr_Stj_21","19-6658","Grain.yield...bu.ac",79.5342389308493,5.1957404594285,"Estimable"
"282","Pr_Stj_21","19-6704","Grain.yield...bu.ac",84.6229919771205,4.45114429341819,"Estimable"
"283","Pr_Stj_21","19-673","Grain.yield...bu.ac",84.7391579142882,3.63623265994033,"Estimable"
"284","Pr_Stj_21","19-6946","Grain.yield...bu.ac",92.6054766858499,4.53287364201543,"Estimable"
"285","Pr_Stj_21","19-7049","Grain.yield...bu.ac",79.2329302800566,3.4510851560757,"Estimable"
"286","Pr_Stj_21","19-7252","Grain.yield...bu.ac",81.0547702012779,4.64994199978045,"Estimable"
"287","Pr_Stj_21","19-7303","Grain.yield...bu.ac",87.2671776694674,4.30894109327662,"Estimable"
"288","Pr_Stj_21","19-7854","Grain.yield...bu.ac",75.0247500402864,4.13514173256416,"Estimable"
"289","Pr_Stj_21","19-8449","Grain.yield...bu.ac",88.0468157575257,3.459687516656,"Estimable"
"290","Pr_Stj_21","19-8477","Grain.yield...bu.ac",82.3334999081341,4.15463869937602,"Estimable"
"291","Pr_Stj_21","19-8817","Grain.yield...bu.ac",85.8812271237127,4.32362515722283,"Estimable"
"292","Pr_Stj_21","19-8827","Grain.yield...bu.ac",84.2519623182656,5.07691969532859,"Estimable"
"293","Pr_Stj_21","19-8870","Grain.yield...bu.ac",89.8426034646715,4.21394718689823,"Estimable"
"294","Pr_Stj_21","19-8871","Grain.yield...bu.ac",89.2921769940169,4.71308721816585,"Estimable"
"295","Pr_Stj_21","19-8909","Grain.yield...bu.ac",90.4959299574568,4.53742423307602,"Estimable"
"296","Pr_Stj_21","19-8928","Grain.yield...bu.ac",81.5396708421464,3.68907295446196,"Estimable"
"297","Pr_Stj_21","19-9234","Grain.yield...bu.ac",84.8063638658822,5.16896400021531,"Estimable"
"298","Pr_Stj_21","19-9608","Grain.yield...bu.ac",90.6035983661061,3.54429913363466,"Estimable"
"299","Pr_Stj_21","19-UG-99-5","Grain.yield...bu.ac",82.1294666318749,4.45031377740805,"Estimable"
"300","Pr_Stj_21","Kaskaskia","Grain.yield...bu.ac",65.1576246470074,3.39660052187485,"Estimable"
"301","Pr_Stj_21","Pio 25R74","Grain.yield...bu.ac",96.0245048094118,3.64058500075568,"Estimable"
"302","Pr_Stj_21","US17-IL-108-067-1","Grain.yield...bu.ac",88.1886882611775,4.21126409494657,"Estimable"
"303","Pr_Stj_21","US17-IL-108-067-3","Grain.yield...bu.ac",94.6519760932007,4.31947129675338,"Estimable"
"304","Pr_Stj_21","US17-IL-109-018-1","Grain.yield...bu.ac",74.8007382360042,4.65416548820341,"Estimable"
"305","Pr_Stj_21","07-20728","Grain.test.weight...lbs.bu",60.9267420065515,0.257877411228887,"Estimable"
"306","Pr_Stj_21","07-4415","Grain.test.weight...lbs.bu",56.7731654625417,0.259337151345178,"Estimable"
"307","Pr_Stj_21","19-10123","Grain.test.weight...lbs.bu",59.3215509149396,0.353327107649688,"Estimable"
"308","Pr_Stj_21","19-10136","Grain.test.weight...lbs.bu",60.7099555739727,0.351134750717968,"Estimable"
"309","Pr_Stj_21","19-10141","Grain.test.weight...lbs.bu",61.9973368096951,0.335536036857654,"Estimable"
"310","Pr_Stj_21","19-10142","Grain.test.weight...lbs.bu",60.4766508635752,0.347922771663312,"Estimable"
"311","Pr_Stj_21","19-10151","Grain.test.weight...lbs.bu",60.4642521207565,0.248577617649206,"Estimable"
"312","Pr_Stj_21","19-10168","Grain.test.weight...lbs.bu",61.1358088525639,0.336444863863929,"Estimable"
"313","Pr_Stj_21","19-10169","Grain.test.weight...lbs.bu",59.8841404114744,0.351128225120129,"Estimable"
"314","Pr_Stj_21","19-10173","Grain.test.weight...lbs.bu",60.7343625158776,0.367096095068456,"Estimable"
"315","Pr_Stj_21","19-10236","Grain.test.weight...lbs.bu",60.5345620995995,0.376444242391329,"Estimable"
"316","Pr_Stj_21","19-10259","Grain.test.weight...lbs.bu",60.5803137890149,0.259471866643909,"Estimable"
"317","Pr_Stj_21","19-10905","Grain.test.weight...lbs.bu",60.0375671885189,0.356655355918801,"Estimable"
"318","Pr_Stj_21","19-11163","Grain.test.weight...lbs.bu",60.3143927561043,0.341189260984121,"Estimable"
"319","Pr_Stj_21","19-11645","Grain.test.weight...lbs.bu",57.9947910948387,0.355667389594396,"Estimable"
"320","Pr_Stj_21","19-11647","Grain.test.weight...lbs.bu",59.8564037469586,0.258467872374178,"Estimable"
"321","Pr_Stj_21","19-11770","Grain.test.weight...lbs.bu",60.4384414683219,0.370181768403826,"Estimable"
"322","Pr_Stj_21","19-11773","Grain.test.weight...lbs.bu",60.8393161734338,0.349056251415019,"Estimable"
"323","Pr_Stj_21","19-11804","Grain.test.weight...lbs.bu",58.5424378789057,0.347288150812671,"Estimable"
"324","Pr_Stj_21","19-12420","Grain.test.weight...lbs.bu",60.1975613909562,0.336684073829664,"Estimable"
"325","Pr_Stj_21","19-12604","Grain.test.weight...lbs.bu",58.605092007543,0.259486801357026,"Estimable"
"326","Pr_Stj_21","19-12615","Grain.test.weight...lbs.bu",60.0795805776745,0.351548149043502,"Estimable"
"327","Pr_Stj_21","19-12622","Grain.test.weight...lbs.bu",59.6157321991705,0.259953083947276,"Estimable"
"328","Pr_Stj_21","19-12659","Grain.test.weight...lbs.bu",60.5782479835585,0.347896598619746,"Estimable"
"329","Pr_Stj_21","19-12749","Grain.test.weight...lbs.bu",60.7783357042483,0.349769808044783,"Estimable"
"330","Pr_Stj_21","19-12830","Grain.test.weight...lbs.bu",60.0414875556259,0.349791418989766,"Estimable"
"331","Pr_Stj_21","19-12849","Grain.test.weight...lbs.bu",60.3574185602125,0.336166637505955,"Estimable"
"332","Pr_Stj_21","19-12926","Grain.test.weight...lbs.bu",59.1332760875255,0.258206082635128,"Estimable"
"333","Pr_Stj_21","19-12935","Grain.test.weight...lbs.bu",59.0220798857505,0.332206245208907,"Estimable"
"334","Pr_Stj_21","19-13048","Grain.test.weight...lbs.bu",57.9994031552811,0.338555977792162,"Estimable"
"335","Pr_Stj_21","19-13357","Grain.test.weight...lbs.bu",59.0228143691384,0.337527082707512,"Estimable"
"336","Pr_Stj_21","19-13414","Grain.test.weight...lbs.bu",61.1388345472614,0.381228893853462,"Estimable"
"337","Pr_Stj_21","19-13430","Grain.test.weight...lbs.bu",59.4970490941951,0.354979768564874,"Estimable"
"338","Pr_Stj_21","19-13434","Grain.test.weight...lbs.bu",60.6393567604307,0.254128091034588,"Estimable"
"339","Pr_Stj_21","19-13447","Grain.test.weight...lbs.bu",59.5245858931918,0.337283981127949,"Estimable"
"340","Pr_Stj_21","19-13451","Grain.test.weight...lbs.bu",58.9326135939775,0.258704955556578,"Estimable"
"341","Pr_Stj_21","19-13706","Grain.test.weight...lbs.bu",59.7347929507693,0.344799596976733,"Estimable"
"342","Pr_Stj_21","19-13707","Grain.test.weight...lbs.bu",61.6820239942687,0.352397006915388,"Estimable"
"343","Pr_Stj_21","19-13713","Grain.test.weight...lbs.bu",58.6952044862983,0.336728249850156,"Estimable"
"344","Pr_Stj_21","19-13748","Grain.test.weight...lbs.bu",62.2787665076914,0.335537802987718,"Estimable"
"345","Pr_Stj_21","19-13752","Grain.test.weight...lbs.bu",61.1741664261643,0.343054498399051,"Estimable"
"346","Pr_Stj_21","19-13778","Grain.test.weight...lbs.bu",61.6519325334611,0.267918797820378,"Estimable"
"347","Pr_Stj_21","19-13936","Grain.test.weight...lbs.bu",60.0099272545689,0.254636196444172,"Estimable"
"348","Pr_Stj_21","19-13942","Grain.test.weight...lbs.bu",59.8265047878838,0.34702478600244,"Estimable"
"349","Pr_Stj_21","19-13961","Grain.test.weight...lbs.bu",58.5651004905659,0.333816618617944,"Estimable"
"350","Pr_Stj_21","19-13965","Grain.test.weight...lbs.bu",58.2396264152156,0.349824610555846,"Estimable"
"351","Pr_Stj_21","19-13978","Grain.test.weight...lbs.bu",60.4000955146351,0.334486963394718,"Estimable"
"352","Pr_Stj_21","19-14359","Grain.test.weight...lbs.bu",58.4796734794629,0.350249409982624,"Estimable"
"353","Pr_Stj_21","19-14605","Grain.test.weight...lbs.bu",59.1294842342413,0.337244452075871,"Estimable"
"354","Pr_Stj_21","19-14617","Grain.test.weight...lbs.bu",59.5218970585131,0.336438448860786,"Estimable"
"355","Pr_Stj_21","19-14845","Grain.test.weight...lbs.bu",58.4463474230819,0.34935244588632,"Estimable"
"356","Pr_Stj_21","19-14856","Grain.test.weight...lbs.bu",59.4932290002457,0.331153696383865,"Estimable"
"357","Pr_Stj_21","19-14933","Grain.test.weight...lbs.bu",59.1627783555597,0.333772478573359,"Estimable"
"358","Pr_Stj_21","19-15017","Grain.test.weight...lbs.bu",58.8742554951739,0.3493212083459,"Estimable"
"359","Pr_Stj_21","19-15201","Grain.test.weight...lbs.bu",57.5028672674594,0.3477906250349,"Estimable"
"360","Pr_Stj_21","19-15209","Grain.test.weight...lbs.bu",59.1852902224637,0.333480086602061,"Estimable"
"361","Pr_Stj_21","19-15327","Grain.test.weight...lbs.bu",58.6041782155894,0.34250520704759,"Estimable"
"362","Pr_Stj_21","19-15330","Grain.test.weight...lbs.bu",59.0215306956949,0.350470689930057,"Estimable"
"363","Pr_Stj_21","19-15338","Grain.test.weight...lbs.bu",57.5274214819404,0.353278957461557,"Estimable"
"364","Pr_Stj_21","19-15344","Grain.test.weight...lbs.bu",58.2775889219261,0.347624631390836,"Estimable"
"365","Pr_Stj_21","19-15472","Grain.test.weight...lbs.bu",57.5245589302748,0.257333267661143,"Estimable"
"366","Pr_Stj_21","19-1551","Grain.test.weight...lbs.bu",58.6074314633968,0.347886277469973,"Estimable"
"367","Pr_Stj_21","19-15728","Grain.test.weight...lbs.bu",59.2774040691859,0.331897976779676,"Estimable"
"368","Pr_Stj_21","19-16059","Grain.test.weight...lbs.bu",59.0861392166309,0.260159914769707,"Estimable"
"369","Pr_Stj_21","19-16064","Grain.test.weight...lbs.bu",59.2784753801292,0.266384670084099,"Estimable"
"370","Pr_Stj_21","19-16068","Grain.test.weight...lbs.bu",58.9235272082106,0.3543819047064,"Estimable"
"371","Pr_Stj_21","19-16107","Grain.test.weight...lbs.bu",59.7298933366819,0.353000058756572,"Estimable"
"372","Pr_Stj_21","19-16129","Grain.test.weight...lbs.bu",59.1987884832096,0.260982993618372,"Estimable"
"373","Pr_Stj_21","19-16136","Grain.test.weight...lbs.bu",58.4146932425773,0.260010437626402,"Estimable"
"374","Pr_Stj_21","19-16139","Grain.test.weight...lbs.bu",58.3939518348837,0.255607815897205,"Estimable"
"375","Pr_Stj_21","19-16142","Grain.test.weight...lbs.bu",60.4151157913521,0.349972516257536,"Estimable"
"376","Pr_Stj_21","19-16152","Grain.test.weight...lbs.bu",59.2066931573044,0.349892210994682,"Estimable"
"377","Pr_Stj_21","19-16176","Grain.test.weight...lbs.bu",59.916342528831,0.336626928573115,"Estimable"
"378","Pr_Stj_21","19-16279","Grain.test.weight...lbs.bu",59.3782827175159,0.351976226010324,"Estimable"
"379","Pr_Stj_21","19-16335","Grain.test.weight...lbs.bu",59.9162331717001,0.34191388516647,"Estimable"
"380","Pr_Stj_21","19-16368","Grain.test.weight...lbs.bu",59.4387303391989,0.336725549947976,"Estimable"
"381","Pr_Stj_21","19-16848","Grain.test.weight...lbs.bu",58.3087338181815,0.341992042592773,"Estimable"
"382","Pr_Stj_21","19-16856","Grain.test.weight...lbs.bu",59.2194705789018,0.342371513303348,"Estimable"
"383","Pr_Stj_21","19-16860","Grain.test.weight...lbs.bu",58.0726736646585,0.258265749096011,"Estimable"
"384","Pr_Stj_21","19-16953","Grain.test.weight...lbs.bu",57.8975030846745,0.354321415658374,"Estimable"
"385","Pr_Stj_21","19-17009","Grain.test.weight...lbs.bu",58.9254753795983,0.332139870732061,"Estimable"
"386","Pr_Stj_21","19-17038","Grain.test.weight...lbs.bu",60.3412918705226,0.350824851719419,"Estimable"
"387","Pr_Stj_21","19-17041","Grain.test.weight...lbs.bu",58.1245955794517,0.337260630345197,"Estimable"
"388","Pr_Stj_21","19-17043","Grain.test.weight...lbs.bu",57.813571107405,0.363462788740895,"Estimable"
"389","Pr_Stj_21","19-17048","Grain.test.weight...lbs.bu",57.1599352023582,0.333953092459085,"Estimable"
"390","Pr_Stj_21","19-17051","Grain.test.weight...lbs.bu",58.6001291137819,0.257699138394392,"Estimable"
"391","Pr_Stj_21","19-17201","Grain.test.weight...lbs.bu",58.2176098486698,0.351681625311494,"Estimable"
"392","Pr_Stj_21","19-17333","Grain.test.weight...lbs.bu",60.0854220342469,0.251894630086349,"Estimable"
"393","Pr_Stj_21","19-17467","Grain.test.weight...lbs.bu",58.0864596966014,0.349869790383872,"Estimable"
"394","Pr_Stj_21","19-17546","Grain.test.weight...lbs.bu",59.6108679095936,0.356226819644983,"Estimable"
"395","Pr_Stj_21","19-17649","Grain.test.weight...lbs.bu",57.0362490718159,0.348274799773143,"Estimable"
"396","Pr_Stj_21","19-17662","Grain.test.weight...lbs.bu",59.1420257344029,0.338477790104842,"Estimable"
"397","Pr_Stj_21","19-17813","Grain.test.weight...lbs.bu",57.9985008993005,0.350023412792956,"Estimable"
"398","Pr_Stj_21","19-17815","Grain.test.weight...lbs.bu",59.6864050117294,0.258854747611132,"Estimable"
"399","Pr_Stj_21","19-17817","Grain.test.weight...lbs.bu",59.6180240364753,0.340538488276369,"Estimable"
"400","Pr_Stj_21","19-17823","Grain.test.weight...lbs.bu",59.2182603408842,0.258728791323647,"Estimable"
"401","Pr_Stj_21","19-17828","Grain.test.weight...lbs.bu",59.5696372428935,0.348653349434964,"Estimable"
"402","Pr_Stj_21","19-17829","Grain.test.weight...lbs.bu",58.6048052527841,0.365656502709025,"Estimable"
"403","Pr_Stj_21","19-17929","Grain.test.weight...lbs.bu",58.1634970180682,0.259557836171118,"Estimable"
"404","Pr_Stj_21","19-18024","Grain.test.weight...lbs.bu",57.5761722896849,0.337090063541751,"Estimable"
"405","Pr_Stj_21","19-18141","Grain.test.weight...lbs.bu",59.1141748302928,0.350814952981819,"Estimable"
"406","Pr_Stj_21","19-18151","Grain.test.weight...lbs.bu",59.5107371828364,0.33517175004349,"Estimable"
"407","Pr_Stj_21","19-18152","Grain.test.weight...lbs.bu",59.9272164308806,0.248532089754498,"Estimable"
"408","Pr_Stj_21","19-18153","Grain.test.weight...lbs.bu",60.1389594964023,0.333815328105729,"Estimable"
"409","Pr_Stj_21","19-18156","Grain.test.weight...lbs.bu",58.567147841595,0.340564753717568,"Estimable"
"410","Pr_Stj_21","19-18326","Grain.test.weight...lbs.bu",59.5597906178522,0.346281712914305,"Estimable"
"411","Pr_Stj_21","19-18328","Grain.test.weight...lbs.bu",60.4130564235956,0.335851051690998,"Estimable"
"412","Pr_Stj_21","19-18725","Grain.test.weight...lbs.bu",58.7281960645612,0.332214915696741,"Estimable"
"413","Pr_Stj_21","19-18813","Grain.test.weight...lbs.bu",59.0829000966068,0.349214977873679,"Estimable"
"414","Pr_Stj_21","19-18826","Grain.test.weight...lbs.bu",58.552473332224,0.364348015961925,"Estimable"
"415","Pr_Stj_21","19-18830","Grain.test.weight...lbs.bu",56.4113399876952,0.33204828281756,"Estimable"
"416","Pr_Stj_21","19-18832","Grain.test.weight...lbs.bu",59.5798079928849,0.331735023976299,"Estimable"
"417","Pr_Stj_21","19-18837","Grain.test.weight...lbs.bu",59.6533181395656,0.33595843075084,"Estimable"
"418","Pr_Stj_21","19-18905","Grain.test.weight...lbs.bu",60.1979440404728,0.338773583591284,"Estimable"
"419","Pr_Stj_21","19-18938","Grain.test.weight...lbs.bu",57.1668318190132,0.351508991076587,"Estimable"
"420","Pr_Stj_21","19-18954","Grain.test.weight...lbs.bu",58.7216668797154,0.350618925892438,"Estimable"
"421","Pr_Stj_21","19-18957","Grain.test.weight...lbs.bu",58.9946264810295,0.368028070918418,"Estimable"
"422","Pr_Stj_21","19-18958","Grain.test.weight...lbs.bu",57.9162719796169,0.36929337799434,"Estimable"
"423","Pr_Stj_21","19-18972","Grain.test.weight...lbs.bu",58.2790135594708,0.338098336882234,"Estimable"
"424","Pr_Stj_21","19-19146","Grain.test.weight...lbs.bu",59.1365496177817,0.254154188135597,"Estimable"
"425","Pr_Stj_21","19-19159","Grain.test.weight...lbs.bu",59.9052892911607,0.334360790239518,"Estimable"
"426","Pr_Stj_21","19-19160","Grain.test.weight...lbs.bu",59.6257166176539,0.345565242566267,"Estimable"
"427","Pr_Stj_21","19-19205","Grain.test.weight...lbs.bu",59.1186681161466,0.252412613025308,"Estimable"
"428","Pr_Stj_21","19-19276","Grain.test.weight...lbs.bu",60.5570966528492,0.257165279862176,"Estimable"
"429","Pr_Stj_21","19-19324","Grain.test.weight...lbs.bu",56.5310010779232,0.339616495567319,"Estimable"
"430","Pr_Stj_21","19-19327","Grain.test.weight...lbs.bu",54.8503946757257,0.25872006773895,"Estimable"
"431","Pr_Stj_21","19-19341","Grain.test.weight...lbs.bu",58.1270348340743,0.254667499751694,"Estimable"
"432","Pr_Stj_21","19-19413","Grain.test.weight...lbs.bu",58.5912060581764,0.26530248432472,"Estimable"
"433","Pr_Stj_21","19-20069","Grain.test.weight...lbs.bu",58.8801205546929,0.368840910074157,"Estimable"
"434","Pr_Stj_21","19-20203","Grain.test.weight...lbs.bu",58.1564922450556,0.337305259536122,"Estimable"
"435","Pr_Stj_21","19-20231","Grain.test.weight...lbs.bu",59.8585317015135,0.342146167977726,"Estimable"
"436","Pr_Stj_21","19-20306","Grain.test.weight...lbs.bu",60.8964912428388,0.257253463561651,"Estimable"
"437","Pr_Stj_21","19-20311","Grain.test.weight...lbs.bu",59.8115049523137,0.343652216622526,"Estimable"
"438","Pr_Stj_21","19-20315","Grain.test.weight...lbs.bu",60.429668751672,0.261116189968329,"Estimable"
"439","Pr_Stj_21","19-20326","Grain.test.weight...lbs.bu",57.1433470322621,0.352040727287241,"Estimable"
"440","Pr_Stj_21","19-20342","Grain.test.weight...lbs.bu",58.7605338874498,0.349645721940898,"Estimable"
"441","Pr_Stj_21","19-20348","Grain.test.weight...lbs.bu",58.2523487216744,0.263648268525914,"Estimable"
"442","Pr_Stj_21","19-20350","Grain.test.weight...lbs.bu",58.4738507403915,0.349728264452535,"Estimable"
"443","Pr_Stj_21","19-20402","Grain.test.weight...lbs.bu",58.8695596232196,0.34937008203805,"Estimable"
"444","Pr_Stj_21","19-20562","Grain.test.weight...lbs.bu",58.8843657856536,0.351032818512489,"Estimable"
"445","Pr_Stj_21","19-20648","Grain.test.weight...lbs.bu",61.1212521476374,0.373432740207134,"Estimable"
"446","Pr_Stj_21","19-21341","Grain.test.weight...lbs.bu",58.1250793338091,0.254539362499754,"Estimable"
"447","Pr_Stj_21","19-21360","Grain.test.weight...lbs.bu",60.8276320491214,0.335103199954182,"Estimable"
"448","Pr_Stj_21","19-21364","Grain.test.weight...lbs.bu",59.5805660646317,0.367472062133429,"Estimable"
"449","Pr_Stj_21","19-21372","Grain.test.weight...lbs.bu",58.1560413722613,0.25550850188348,"Estimable"
"450","Pr_Stj_21","19-21425","Grain.test.weight...lbs.bu",60.1289874836181,0.344419600050641,"Estimable"
"451","Pr_Stj_21","19-21445","Grain.test.weight...lbs.bu",59.192905172564,0.339582095576355,"Estimable"
"452","Pr_Stj_21","19-21462","Grain.test.weight...lbs.bu",58.6919984400723,0.337703294402808,"Estimable"
"453","Pr_Stj_21","19-21467","Grain.test.weight...lbs.bu",58.7596157234785,0.344985458813814,"Estimable"
"454","Pr_Stj_21","19-21556","Grain.test.weight...lbs.bu",58.7184332867748,0.255471412495868,"Estimable"
"455","Pr_Stj_21","19-21559","Grain.test.weight...lbs.bu",59.5685999896888,0.332561698298902,"Estimable"
"456","Pr_Stj_21","19-21570","Grain.test.weight...lbs.bu",59.5853525959461,0.339233148345176,"Estimable"
"457","Pr_Stj_21","19-21574","Grain.test.weight...lbs.bu",58.76677327561,0.336880259108345,"Estimable"
"458","Pr_Stj_21","19-21575","Grain.test.weight...lbs.bu",60.4699852016332,0.352111784635094,"Estimable"
"459","Pr_Stj_21","19-21629","Grain.test.weight...lbs.bu",56.4139452761586,0.334566890447986,"Estimable"
"460","Pr_Stj_21","19-21632","Grain.test.weight...lbs.bu",56.2232412775222,0.350188897206696,"Estimable"
"461","Pr_Stj_21","19-21633","Grain.test.weight...lbs.bu",56.8681028136342,0.260003371811667,"Estimable"
"462","Pr_Stj_21","19-21717","Grain.test.weight...lbs.bu",55.8529740973782,0.264075561413494,"Estimable"
"463","Pr_Stj_21","19-21722","Grain.test.weight...lbs.bu",57.1915572584055,0.366064937239451,"Estimable"
"464","Pr_Stj_21","19-21731","Grain.test.weight...lbs.bu",57.7552941477717,0.353360634971489,"Estimable"
"465","Pr_Stj_21","19-21744","Grain.test.weight...lbs.bu",57.9800932822296,0.260193324760541,"Estimable"
"466","Pr_Stj_21","19-21756","Grain.test.weight...lbs.bu",58.6020227309629,0.352397904961111,"Estimable"
"467","Pr_Stj_21","19-21760","Grain.test.weight...lbs.bu",57.9550669869647,0.260568132981134,"Estimable"
"468","Pr_Stj_21","19-21765","Grain.test.weight...lbs.bu",57.8189708047594,0.255480187808346,"Estimable"
"469","Pr_Stj_21","19-21815","Grain.test.weight...lbs.bu",58.3765107690544,0.346100431677152,"Estimable"
"470","Pr_Stj_21","19-21821","Grain.test.weight...lbs.bu",61.0115707627061,0.350889995451741,"Estimable"
"471","Pr_Stj_21","19-21829","Grain.test.weight...lbs.bu",59.1216309806088,0.338248048621111,"Estimable"
"472","Pr_Stj_21","19-21846","Grain.test.weight...lbs.bu",61.7678753181895,0.369991680451667,"Estimable"
"473","Pr_Stj_21","19-21848","Grain.test.weight...lbs.bu",58.9113203814632,0.258081695475071,"Estimable"
"474","Pr_Stj_21","19-21865","Grain.test.weight...lbs.bu",58.1113278644334,0.364171493433026,"Estimable"
"475","Pr_Stj_21","19-21924","Grain.test.weight...lbs.bu",60.5737324765801,0.264867274930652,"Estimable"
"476","Pr_Stj_21","19-22105","Grain.test.weight...lbs.bu",59.708003496478,0.336117469692035,"Estimable"
"477","Pr_Stj_21","19-22112","Grain.test.weight...lbs.bu",59.093841544909,0.333509679272359,"Estimable"
"478","Pr_Stj_21","19-22124","Grain.test.weight...lbs.bu",58.268297753082,0.33997535668779,"Estimable"
"479","Pr_Stj_21","19-22649","Grain.test.weight...lbs.bu",58.2536224498525,0.346447418879363,"Estimable"
"480","Pr_Stj_21","19-22665","Grain.test.weight...lbs.bu",62.0321442553204,0.337275860311954,"Estimable"
"481","Pr_Stj_21","19-22741","Grain.test.weight...lbs.bu",58.0550874013636,0.355897117129042,"Estimable"
"482","Pr_Stj_21","19-22742","Grain.test.weight...lbs.bu",58.8885086861561,0.361646006761208,"Estimable"
"483","Pr_Stj_21","19-22744","Grain.test.weight...lbs.bu",59.1621850125246,0.350236882611672,"Estimable"
"484","Pr_Stj_21","19-22757","Grain.test.weight...lbs.bu",60.2998309554152,0.350911157554294,"Estimable"
"485","Pr_Stj_21","19-22767","Grain.test.weight...lbs.bu",58.5845515958539,0.334446293395396,"Estimable"
"486","Pr_Stj_21","19-22846","Grain.test.weight...lbs.bu",59.7583303124528,0.267307629051048,"Estimable"
"487","Pr_Stj_21","19-22975","Grain.test.weight...lbs.bu",61.5559438549301,0.338351855979872,"Estimable"
"488","Pr_Stj_21","19-23012","Grain.test.weight...lbs.bu",60.6359043432662,0.258276438337127,"Estimable"
"489","Pr_Stj_21","19-23019","Grain.test.weight...lbs.bu",61.1439108124426,0.258129778501053,"Estimable"
"490","Pr_Stj_21","19-23059","Grain.test.weight...lbs.bu",57.0275202916849,0.349660416638123,"Estimable"
"491","Pr_Stj_21","19-23064","Grain.test.weight...lbs.bu",58.7875492610359,0.246837351449394,"Estimable"
"492","Pr_Stj_21","19-23069","Grain.test.weight...lbs.bu",58.523277634415,0.350653131516008,"Estimable"
"493","Pr_Stj_21","19-23077","Grain.test.weight...lbs.bu",57.0415548001729,0.262073004801584,"Estimable"
"494","Pr_Stj_21","19-23112","Grain.test.weight...lbs.bu",57.9417241316188,0.248083511330981,"Estimable"
"495","Pr_Stj_21","19-23246","Grain.test.weight...lbs.bu",57.502832599814,0.353183803711091,"Estimable"
"496","Pr_Stj_21","19-23251","Grain.test.weight...lbs.bu",56.5563485463071,0.350586494753894,"Estimable"
"497","Pr_Stj_21","19-23337","Grain.test.weight...lbs.bu",57.3988706380221,0.332266386884672,"Estimable"
"498","Pr_Stj_21","19-23350","Grain.test.weight...lbs.bu",58.4846964740238,0.350395619505384,"Estimable"
"499","Pr_Stj_21","19-23716","Grain.test.weight...lbs.bu",57.8240383095684,0.259457761905115,"Estimable"
"500","Pr_Stj_21","19-23829","Grain.test.weight...lbs.bu",60.1107734321744,0.334619642805463,"Estimable"
"501","Pr_Stj_21","19-23833","Grain.test.weight...lbs.bu",59.6084295701293,0.345647267994569,"Estimable"
"502","Pr_Stj_21","19-23851","Grain.test.weight...lbs.bu",59.4057745794365,0.263863702796962,"Estimable"
"503","Pr_Stj_21","19-23853","Grain.test.weight...lbs.bu",59.6941608398539,0.25955775213443,"Estimable"
"504","Pr_Stj_21","19-23855","Grain.test.weight...lbs.bu",58.7987971083767,0.257078156137707,"Estimable"
"505","Pr_Stj_21","19-23871","Grain.test.weight...lbs.bu",58.7543523048959,0.345861631359589,"Estimable"
"506","Pr_Stj_21","19-23904","Grain.test.weight...lbs.bu",59.5115279783657,0.331614572790831,"Estimable"
"507","Pr_Stj_21","19-23908","Grain.test.weight...lbs.bu",58.8072318845916,0.355168419564734,"Estimable"
"508","Pr_Stj_21","19-23912","Grain.test.weight...lbs.bu",59.2490351576306,0.336455102409054,"Estimable"
"509","Pr_Stj_21","19-24047","Grain.test.weight...lbs.bu",55.7291941493692,0.336388262211318,"Estimable"
"510","Pr_Stj_21","19-24048","Grain.test.weight...lbs.bu",57.7872271569614,0.259344023532959,"Estimable"
"511","Pr_Stj_21","19-24061","Grain.test.weight...lbs.bu",58.2357031804099,0.264460852731889,"Estimable"
"512","Pr_Stj_21","19-24076","Grain.test.weight...lbs.bu",57.9042707576748,0.333472562397867,"Estimable"
"513","Pr_Stj_21","19-24106","Grain.test.weight...lbs.bu",56.9174216181091,0.259394948480371,"Estimable"
"514","Pr_Stj_21","19-24170","Grain.test.weight...lbs.bu",58.0769528256536,0.263538117102292,"Estimable"
"515","Pr_Stj_21","19-24261","Grain.test.weight...lbs.bu",58.7052862431994,0.332093272772289,"Estimable"
"516","Pr_Stj_21","19-24267","Grain.test.weight...lbs.bu",58.8956657881539,0.255259455607763,"Estimable"
"517","Pr_Stj_21","19-24268","Grain.test.weight...lbs.bu",58.8679140915175,0.346100231226337,"Estimable"
"518","Pr_Stj_21","19-24275","Grain.test.weight...lbs.bu",58.5488648797167,0.256946412936562,"Estimable"
"519","Pr_Stj_21","19-24306","Grain.test.weight...lbs.bu",59.15080209853,0.266344588882918,"Estimable"
"520","Pr_Stj_21","19-25126","Grain.test.weight...lbs.bu",59.7855986983432,0.350000637197563,"Estimable"
"521","Pr_Stj_21","19-25145","Grain.test.weight...lbs.bu",60.0003309831597,0.257364828329533,"Estimable"
"522","Pr_Stj_21","19-25162","Grain.test.weight...lbs.bu",58.2469578561138,0.260106718459629,"Estimable"
"523","Pr_Stj_21","19-25201","Grain.test.weight...lbs.bu",58.4598170206998,0.352322710333969,"Estimable"
"524","Pr_Stj_21","19-25205","Grain.test.weight...lbs.bu",58.0934306585398,0.351138584287068,"Estimable"
"525","Pr_Stj_21","19-25237","Grain.test.weight...lbs.bu",59.4489945191003,0.251731031929098,"Estimable"
"526","Pr_Stj_21","19-25245","Grain.test.weight...lbs.bu",60.2195212854192,0.259253027781387,"Estimable"
"527","Pr_Stj_21","19-25448","Grain.test.weight...lbs.bu",59.1779447249428,0.346156583994977,"Estimable"
"528","Pr_Stj_21","19-25464","Grain.test.weight...lbs.bu",58.7341533844566,0.349798748517427,"Estimable"
"529","Pr_Stj_21","19-25469","Grain.test.weight...lbs.bu",59.5498583460766,0.258670878034206,"Estimable"
"530","Pr_Stj_21","19-25743","Grain.test.weight...lbs.bu",60.3584676716317,0.257176054341378,"Estimable"
"531","Pr_Stj_21","19-25764","Grain.test.weight...lbs.bu",59.6120823866316,0.255307214955161,"Estimable"
"532","Pr_Stj_21","19-26345","Grain.test.weight...lbs.bu",60.2413481727566,0.332217314814044,"Estimable"
"533","Pr_Stj_21","19-26452","Grain.test.weight...lbs.bu",58.8706317724165,0.346515051224666,"Estimable"
"534","Pr_Stj_21","19-26456","Grain.test.weight...lbs.bu",60.6112227077929,0.265775496026693,"Estimable"
"535","Pr_Stj_21","19-27409","Grain.test.weight...lbs.bu",60.454004475769,0.258710494235816,"Estimable"
"536","Pr_Stj_21","19-27466","Grain.test.weight...lbs.bu",58.5584477261004,0.252052878872757,"Estimable"
"537","Pr_Stj_21","19-27478","Grain.test.weight...lbs.bu",59.5839340162082,0.349399142483341,"Estimable"
"538","Pr_Stj_21","19-27565","Grain.test.weight...lbs.bu",61.3157344628251,0.333586916909842,"Estimable"
"539","Pr_Stj_21","19-27722","Grain.test.weight...lbs.bu",60.0358733197203,0.335136858588225,"Estimable"
"540","Pr_Stj_21","19-27910","Grain.test.weight...lbs.bu",58.1556048933222,0.351009834688104,"Estimable"
"541","Pr_Stj_21","19-27944","Grain.test.weight...lbs.bu",60.6793089603864,0.346264894706177,"Estimable"
"542","Pr_Stj_21","19-28147","Grain.test.weight...lbs.bu",59.5913428454307,0.346629726107368,"Estimable"
"543","Pr_Stj_21","19-3427","Grain.test.weight...lbs.bu",58.0857490373777,0.336082004218669,"Estimable"
"544","Pr_Stj_21","19-3453","Grain.test.weight...lbs.bu",58.2355644654698,0.248866793901267,"Estimable"
"545","Pr_Stj_21","19-3462","Grain.test.weight...lbs.bu",57.3486318786803,0.268627237828397,"Estimable"
"546","Pr_Stj_21","19-3502","Grain.test.weight...lbs.bu",59.8641094846107,0.256890005546433,"Estimable"
"547","Pr_Stj_21","19-3505","Grain.test.weight...lbs.bu",58.8078169456974,0.370121488100012,"Estimable"
"548","Pr_Stj_21","19-3510","Grain.test.weight...lbs.bu",60.0050604536474,0.334483095590403,"Estimable"
"549","Pr_Stj_21","19-3528","Grain.test.weight...lbs.bu",58.5506046468219,0.261623384878781,"Estimable"
"550","Pr_Stj_21","19-3538","Grain.test.weight...lbs.bu",57.8087416056164,0.261184640266654,"Estimable"
"551","Pr_Stj_21","19-366","Grain.test.weight...lbs.bu",58.5979537711132,0.349260734994612,"Estimable"
"552","Pr_Stj_21","19-3904","Grain.test.weight...lbs.bu",59.33434934113,0.377056084126284,"Estimable"
"553","Pr_Stj_21","19-3920","Grain.test.weight...lbs.bu",56.6189968053272,0.260413461480217,"Estimable"
"554","Pr_Stj_21","19-3926","Grain.test.weight...lbs.bu",57.4667008911581,0.341114590093078,"Estimable"
"555","Pr_Stj_21","19-3937","Grain.test.weight...lbs.bu",58.0490941009665,0.345731172620373,"Estimable"
"556","Pr_Stj_21","19-3943","Grain.test.weight...lbs.bu",57.4945878600587,0.34555659863006,"Estimable"
"557","Pr_Stj_21","19-3948","Grain.test.weight...lbs.bu",56.7638386989439,0.340928254132605,"Estimable"
"558","Pr_Stj_21","19-4014","Grain.test.weight...lbs.bu",59.1471806496114,0.359064169574477,"Estimable"
"559","Pr_Stj_21","19-4134","Grain.test.weight...lbs.bu",56.7279014085256,0.336748795063638,"Estimable"
"560","Pr_Stj_21","19-4141","Grain.test.weight...lbs.bu",58.7901066726383,0.254016404672527,"Estimable"
"561","Pr_Stj_21","19-4151","Grain.test.weight...lbs.bu",59.7586070950028,0.352681295316604,"Estimable"
"562","Pr_Stj_21","19-4176","Grain.test.weight...lbs.bu",59.4009308357,0.33597551950241,"Estimable"
"563","Pr_Stj_21","19-4224","Grain.test.weight...lbs.bu",59.0697733580857,0.34887769669877,"Estimable"
"564","Pr_Stj_21","19-4236","Grain.test.weight...lbs.bu",57.4400100105014,0.350762098203919,"Estimable"
"565","Pr_Stj_21","19-4238","Grain.test.weight...lbs.bu",58.9243131935417,0.263576908849957,"Estimable"
"566","Pr_Stj_21","19-4462","Grain.test.weight...lbs.bu",59.3667609356194,0.256687674023021,"Estimable"
"567","Pr_Stj_21","19-5009","Grain.test.weight...lbs.bu",59.7998511982209,0.264169896674323,"Estimable"
"568","Pr_Stj_21","19-5041","Grain.test.weight...lbs.bu",60.3857914705216,0.354980037939323,"Estimable"
"569","Pr_Stj_21","19-5117","Grain.test.weight...lbs.bu",59.6767661961735,0.376575623085727,"Estimable"
"570","Pr_Stj_21","19-5122","Grain.test.weight...lbs.bu",60.2777026027941,0.259895261951628,"Estimable"
"571","Pr_Stj_21","19-5152","Grain.test.weight...lbs.bu",58.6692994439161,0.369549712532041,"Estimable"
"572","Pr_Stj_21","19-5417","Grain.test.weight...lbs.bu",58.3458083748421,0.347162288917954,"Estimable"
"573","Pr_Stj_21","19-5441","Grain.test.weight...lbs.bu",61.9809130861906,0.344930812368122,"Estimable"
"574","Pr_Stj_21","19-5466","Grain.test.weight...lbs.bu",60.341647392713,0.356140961833497,"Estimable"
"575","Pr_Stj_21","19-5549","Grain.test.weight...lbs.bu",58.9080459921798,0.33700064352439,"Estimable"
"576","Pr_Stj_21","19-5558","Grain.test.weight...lbs.bu",59.8097180009787,0.340680592072175,"Estimable"
"577","Pr_Stj_21","19-5632","Grain.test.weight...lbs.bu",59.4464889323301,0.256947246197756,"Estimable"
"578","Pr_Stj_21","19-5637","Grain.test.weight...lbs.bu",58.4236739232057,0.376714298054493,"Estimable"
"579","Pr_Stj_21","19-6113","Grain.test.weight...lbs.bu",59.4435031112574,0.247176709777944,"Estimable"
"580","Pr_Stj_21","19-6308","Grain.test.weight...lbs.bu",61.0325453619984,0.259592683132107,"Estimable"
"581","Pr_Stj_21","19-6532","Grain.test.weight...lbs.bu",57.797249197659,0.355220811763328,"Estimable"
"582","Pr_Stj_21","19-6559","Grain.test.weight...lbs.bu",58.9024948267031,0.262157294023552,"Estimable"
"583","Pr_Stj_21","19-6607","Grain.test.weight...lbs.bu",60.6069045341203,0.354336231103627,"Estimable"
"584","Pr_Stj_21","19-6637","Grain.test.weight...lbs.bu",60.5647601599571,0.370401124423773,"Estimable"
"585","Pr_Stj_21","19-6658","Grain.test.weight...lbs.bu",56.3773333893551,0.340913695264443,"Estimable"
"586","Pr_Stj_21","19-6704","Grain.test.weight...lbs.bu",57.3000906325965,0.350671654288814,"Estimable"
"587","Pr_Stj_21","19-673","Grain.test.weight...lbs.bu",59.8670010451807,0.264340461517502,"Estimable"
"588","Pr_Stj_21","19-6946","Grain.test.weight...lbs.bu",60.1781339220358,0.349348801511076,"Estimable"
"589","Pr_Stj_21","19-7049","Grain.test.weight...lbs.bu",60.6872283018277,0.256433561054025,"Estimable"
"590","Pr_Stj_21","19-7252","Grain.test.weight...lbs.bu",56.4540404485617,0.351038891992687,"Estimable"
"591","Pr_Stj_21","19-7303","Grain.test.weight...lbs.bu",58.32952227747,0.351100967107455,"Estimable"
"592","Pr_Stj_21","19-7854","Grain.test.weight...lbs.bu",56.5577967788655,0.365536066843819,"Estimable"
"593","Pr_Stj_21","19-8449","Grain.test.weight...lbs.bu",58.6796236352958,0.258608752686377,"Estimable"
"594","Pr_Stj_21","19-8477","Grain.test.weight...lbs.bu",58.5407710405748,0.347115034148678,"Estimable"
"595","Pr_Stj_21","19-8817","Grain.test.weight...lbs.bu",58.1337861760256,0.345948050229073,"Estimable"
"596","Pr_Stj_21","19-8827","Grain.test.weight...lbs.bu",59.4830823116344,0.358236616892824,"Estimable"
"597","Pr_Stj_21","19-8870","Grain.test.weight...lbs.bu",59.8181413204962,0.344451079454315,"Estimable"
"598","Pr_Stj_21","19-8871","Grain.test.weight...lbs.bu",58.3348759608317,0.336494657690895,"Estimable"
"599","Pr_Stj_21","19-8909","Grain.test.weight...lbs.bu",59.0970443770535,0.349657357986726,"Estimable"
"600","Pr_Stj_21","19-8928","Grain.test.weight...lbs.bu",59.3713783230898,0.267707322257271,"Estimable"
"601","Pr_Stj_21","19-9234","Grain.test.weight...lbs.bu",58.6045391213277,0.356293122043774,"Estimable"
"602","Pr_Stj_21","19-9608","Grain.test.weight...lbs.bu",59.8425982627787,0.264478902638069,"Estimable"
"603","Pr_Stj_21","19-UG-99-5","Grain.test.weight...lbs.bu",58.6324800557505,0.350020537781828,"Estimable"
"604","Pr_Stj_21","Kaskaskia","Grain.test.weight...lbs.bu",59.4110631912748,0.256356868395824,"Estimable"
"605","Pr_Stj_21","Pio 25R74","Grain.test.weight...lbs.bu",57.2663912745838,0.260032368215979,"Estimable"
"606","Pr_Stj_21","US17-IL-108-067-1","Grain.test.weight...lbs.bu",59.3332855035533,0.350420838951667,"Estimable"
"607","Pr_Stj_21","US17-IL-108-067-3","Grain.test.weight...lbs.bu",59.727767038434,0.349854407464429,"Estimable"
"608","Pr_Stj_21","US17-IL-109-018-1","Grain.test.weight...lbs.bu",57.3765556767236,0.337605270451171,"Estimable"
